{
  "meta_title": "",
  "meta_description": "",
  "sections": [
    {
      "type": "banner-slider",
      "autoplay": 9000,
      "slides": [
        {
          "img": "/img/uploads/cyborg.webp",
          "alt": "",
          "start": "",
          "end": ""
        }
      ]
    },
    {
      "type": "banners-grid",
      "banners": [
        {
          "img": "/img/uploads/cosmo2.png"
        }
      ]
    },
    {
      "type": "page-title",
      "title": "Confira nossas marcas",
      "description": "Brilho + renda + cores para fazer bonito neste verão"
    },
    {
      "type": "banners-grid",
      "banners": [
        {
          "img": "/img/uploads/7.png"
        },
        {
          "img": "/img/uploads/9.png"
        },
        {
          "img": "/img/uploads/conjuntosutien.png"
        },
        {
          "img": "/img/uploads/8.png"
        }
      ]
    }
  ]
}